{
  "model_path": "results/tydi/sft_only/checkpoints/final",
  "overall": {
    "num_samples": 195,
    "exact_match": 0.02564102564102564,
    "span_f1": 0.07834045549098392,
    "rouge_l": 0.061994032818407,
    "bleurt": 0.061994032818407,
    "llm_correctness": 2.405128205128205,
    "llm_quality": 4.035897435897436
  },
  "by_language": {
    "ar": {
      "num_samples": 31,
      "exact_match": 0.06451612903225806,
      "span_f1": 0.10180930758454171,
      "rouge_l": 0.016129032258064516,
      "bleurt": 0.016129032258064516,
      "llm_correctness": 2.161290322580645,
      "llm_quality": 4.32258064516129
    },
    "en": {
      "num_samples": 33,
      "exact_match": 0.09090909090909091,
      "span_f1": 0.16666329139071093,
      "rouge_l": 0.17832685846680438,
      "bleurt": 0.17832685846680438,
      "llm_correctness": 3.121212121212121,
      "llm_quality": 4.212121212121212
    },
    "es": {
      "num_samples": 38,
      "exact_match": 0.0,
      "span_f1": 0.0732647277736945,
      "rouge_l": 0.08212412465398651,
      "bleurt": 0.08212412465398651,
      "llm_correctness": 2.5526315789473686,
      "llm_quality": 4.394736842105263
    },
    "hi": {
      "num_samples": 41,
      "exact_match": 0.0,
      "span_f1": 0.019323176425041562,
      "rouge_l": 0.02032520325203252,
      "bleurt": 0.02032520325203252,
      "llm_correctness": 1.5609756097560976,
      "llm_quality": 3.1951219512195124
    },
    "ru": {
      "num_samples": 33,
      "exact_match": 0.0,
      "span_f1": 0.0855115017781302,
      "rouge_l": 0.045454545454545456,
      "bleurt": 0.045454545454545456,
      "llm_correctness": 2.606060606060606,
      "llm_quality": 4.333333333333333
    },
    "zh": {
      "num_samples": 19,
      "exact_match": 0.0,
      "span_f1": 0.011695906432748537,
      "rouge_l": 0.013157894736842105,
      "bleurt": 0.013157894736842105,
      "llm_correctness": 2.736842105263158,
      "llm_quality": 3.8421052631578947
    }
  },
  "cross_lingual": {
    "disparity": 0.1549673849579624,
    "group_gaps": {
      "HIGH": 0.08917959891172973,
      "MID": 0.07938811477591234,
      "LOW": 0.06056624200479163,
      "HIGH-MID": 0.009791484135817388,
      "HIGH-LOW": 0.0286133569069381,
      "MID-LOW": 0.018821872771120712
    },
    "xltr_scores": {
      "ar": 1.428066351872535,
      "en": 2.8576929164231126,
      "es": 0.9514821031673195,
      "hi": 0.22010944529053414,
      "ru": 1.1470158470024154,
      "zh": 0.13095207831044584
    },
    "xltr_mean": 1.122553123677727
  }
}