{
  "model_path": "results/xquad/sft_only_no_anchor_baseline/final",
  "overall": {
    "num_samples": 195,
    "exact_match": 0.020512820512820513,
    "span_f1": 0.10771542517842803,
    "rouge_l": 0.09098774465167234,
    "bleurt": 0.09098774465167234,
    "llm_correctness": 2.4461538461538463,
    "llm_quality": 4.271794871794872
  },
  "by_language": {
    "ar": {
      "num_samples": 31,
      "exact_match": 0.03225806451612903,
      "span_f1": 0.1314597588791137,
      "rouge_l": 0.08064516129032258,
      "bleurt": 0.08064516129032258,
      "llm_correctness": 2.161290322580645,
      "llm_quality": 4.709677419354839
    },
    "en": {
      "num_samples": 33,
      "exact_match": 0.06060606060606061,
      "span_f1": 0.1684227636099294,
      "rouge_l": 0.18940492263701333,
      "bleurt": 0.18940492263701333,
      "llm_correctness": 3.0,
      "llm_quality": 4.666666666666667
    },
    "es": {
      "num_samples": 38,
      "exact_match": 0.02631578947368421,
      "span_f1": 0.13106612929999364,
      "rouge_l": 0.1467258182470526,
      "bleurt": 0.1467258182470526,
      "llm_correctness": 2.8157894736842106,
      "llm_quality": 4.578947368421052
    },
    "hi": {
      "num_samples": 41,
      "exact_match": 0.0,
      "span_f1": 0.0693150096230969,
      "rouge_l": 0.044715447154471545,
      "bleurt": 0.044715447154471545,
      "llm_correctness": 1.7560975609756098,
      "llm_quality": 3.1951219512195124
    },
    "ru": {
      "num_samples": 33,
      "exact_match": 0.0,
      "span_f1": 0.10203205138328346,
      "rouge_l": 0.0404040404040404,
      "bleurt": 0.0404040404040404,
      "llm_correctness": 2.696969696969697,
      "llm_quality": 4.212121212121212
    },
    "zh": {
      "num_samples": 19,
      "exact_match": 0.0,
      "span_f1": 0.009569377990430622,
      "rouge_l": 0.013157894736842105,
      "bleurt": 0.013157894736842105,
      "llm_correctness": 2.263157894736842,
      "llm_quality": 4.684210526315789
    }
  },
  "cross_lingual": {
    "disparity": 0.15885338561949877,
    "group_gaps": {
      "HIGH": 0.08899607080018,
      "MID": 0.11654909034163854,
      "LOW": 0.1003873842511053,
      "HIGH-MID": -0.027553019541458543,
      "HIGH-LOW": -0.011391313450925297,
      "MID-LOW": 0.016161706090533245
    },
    "xltr_scores": {
      "ar": 1.3682171090540198,
      "en": 1.8990379727904758,
      "es": 1.363003456735314,
      "hi": 0.63878904482464,
      "ru": 1.0006418130810755,
      "zh": 0.07944086091877156
    },
    "xltr_mean": 1.0581883762340494
  }
}