{
  "timestamp": "2025-12-11T03:28:53.735861",
  "total_contexts": 45,
  "total_edits": 180,
  "languages": 3,
  "overall_drift": 0.34186738795704313,
  "language_stats": {
    "en": {
      "language": "en",
      "n_contexts": 15,
      "n_edits_per_context": 4,
      "total_edits": 60,
      "avg_drift": 0.2772652526696523,
      "std_drift": 0.1064839768433439,
      "min_drift": 0.09523642063140869,
      "max_drift": 0.7413995862007141
    },
    "de": {
      "language": "de",
      "n_contexts": 15,
      "n_edits_per_context": 4,
      "total_edits": 60,
      "avg_drift": 0.30734393497308093,
      "std_drift": 0.1449915988192051,
      "min_drift": 0.04703414440155029,
      "max_drift": 0.7123132944107056
    },
    "vi": {
      "language": "vi",
      "n_contexts": 15,
      "n_edits_per_context": 4,
      "total_edits": 60,
      "avg_drift": 0.4409929762283961,
      "std_drift": 0.30702176639832396,
      "min_drift": 0.03703343868255615,
      "max_drift": 1.083986759185791
    }
  }
}