{
  "timestamp": "2025-11-10T01:30:41.032409",
  "total_qa_pairs": 90,
  "total_edits": 360,
  "languages": 9,
  "overall_drift": 0.28194262120458813,
  "language_stats": {
    "en": {
      "language": "en",
      "n_samples": 10,
      "n_edits_per_qa": 4,
      "total_edits": 40,
      "avg_drift": 0.3926543280482292,
      "std_drift": 0.289138211015621,
      "min_drift": 0.048234522342681885,
      "max_drift": 1.0519814491271973
    },
    "ar": {
      "language": "ar",
      "n_samples": 10,
      "n_edits_per_qa": 4,
      "total_edits": 40,
      "avg_drift": 0.2938477322459221,
      "std_drift": 0.23436913800660128,
      "min_drift": 0.010555803775787354,
      "max_drift": 1.0429298877716064
    },
    "bn": {
      "language": "bn",
      "n_samples": 10,
      "n_edits_per_qa": 4,
      "total_edits": 40,
      "avg_drift": 0.280469910800457,
      "std_drift": 0.21030554799768694,
      "min_drift": 0.005483388900756836,
      "max_drift": 0.7969227433204651
    },
    "fi": {
      "language": "fi",
      "n_samples": 10,
      "n_edits_per_qa": 4,
      "total_edits": 40,
      "avg_drift": 0.309411258995533,
      "std_drift": 0.2784385200906648,
      "min_drift": 0.021172285079956055,
      "max_drift": 1.090610146522522
    },
    "id": {
      "language": "id",
      "n_samples": 10,
      "n_edits_per_qa": 4,
      "total_edits": 40,
      "avg_drift": 0.24680505692958832,
      "std_drift": 0.16044837932332925,
      "min_drift": 0.03845655918121338,
      "max_drift": 0.7816073298454285
    },
    "ko": {
      "language": "ko",
      "n_samples": 10,
      "n_edits_per_qa": 4,
      "total_edits": 40,
      "avg_drift": 0.2607958674430847,
      "std_drift": 0.2066276929132031,
      "min_drift": 0.009889304637908936,
      "max_drift": 1.0286375284194946
    },
    "ru": {
      "language": "ru",
      "n_samples": 10,
      "n_edits_per_qa": 4,
      "total_edits": 40,
      "avg_drift": 0.33988131731748583,
      "std_drift": 0.2729839656838141,
      "min_drift": 0.0011242032051086426,
      "max_drift": 1.0365279912948608
    },
    "sw": {
      "language": "sw",
      "n_samples": 10,
      "n_edits_per_qa": 4,
      "total_edits": 40,
      "avg_drift": 0.2605047211050987,
      "std_drift": 0.1428593667479367,
      "min_drift": 0.04842805862426758,
      "max_drift": 0.6848277449607849
    },
    "te": {
      "language": "te",
      "n_samples": 10,
      "n_edits_per_qa": 4,
      "total_edits": 40,
      "avg_drift": 0.15311339795589446,
      "std_drift": 0.12051675259285792,
      "min_drift": 0.0145530104637146,
      "max_drift": 0.4738513231277466
    }
  }
}