{
  "model_path": "results/tydi/sft_only/checkpoints/final",
  "split": "train",
  "overall": {
    "num_samples": 598,
    "exact_match": 0.02508361204013378,
    "span_f1": 0.10500689721321153,
    "rouge_l": 0.11389199863890533,
    "bleurt": 0.11389199863890533,
    "llm_correctness": 2.237458193979933,
    "llm_quality": 3.630434782608696
  },
  "by_language": {
    "en": {
      "num_samples": 98,
      "exact_match": 0.02040816326530612,
      "span_f1": 0.13163954438489653,
      "rouge_l": 0.14345355987942607,
      "bleurt": 0.14345355987942607,
      "llm_correctness": 2.9285714285714284,
      "llm_quality": 4.387755102040816
    },
    "ru": {
      "num_samples": 100,
      "exact_match": 0.01,
      "span_f1": 0.10982448328520317,
      "rouge_l": 0.13466666666666666,
      "bleurt": 0.13466666666666666,
      "llm_correctness": 2.29,
      "llm_quality": 4.53
    },
    "fi": {
      "num_samples": 100,
      "exact_match": 0.0,
      "span_f1": 0.063942043635031,
      "rouge_l": 0.07651799794600475,
      "bleurt": 0.07651799794600475,
      "llm_correctness": 1.9,
      "llm_quality": 3.09
    },
    "id": {
      "num_samples": 100,
      "exact_match": 0.03,
      "span_f1": 0.14734651212152777,
      "rouge_l": 0.14829624418279885,
      "bleurt": 0.14829624418279885,
      "llm_correctness": 2.73,
      "llm_quality": 4.0
    },
    "sw": {
      "num_samples": 100,
      "exact_match": 0.09,
      "span_f1": 0.15055882653341818,
      "rouge_l": 0.1526754210500127,
      "bleurt": 0.1526754210500127,
      "llm_correctness": 2.25,
      "llm_quality": 3.32
    },
    "te": {
      "num_samples": 100,
      "exact_match": 0.0,
      "span_f1": 0.02726262626262626,
      "rouge_l": 0.028333333333333332,
      "bleurt": 0.028333333333333332,
      "llm_correctness": 1.34,
      "llm_quality": 2.47
    }
  },
  "cross_lingual": {
    "disparity": 0.12329620027079191,
    "group_gaps": {
      "HIGH": 0.12073201383504985,
      "MID": 0.10564427787827939,
      "LOW": 0.08891072639802222,
      "HIGH-MID": 0.01508773595677046,
      "HIGH-LOW": 0.031821287437027626,
      "MID-LOW": 0.016733551480257167
    },
    "xltr_scores": {
      "en": 1.3192066948509336,
      "ru": 1.0544846622113595,
      "fi": 0.5642290275829916,
      "id": 1.5246080238868729,
      "sw": 1.5682714161377862,
      "te": 0.22594157687511932
    },
    "xltr_mean": 1.0427902335908437
  }
}