{
  "model_path": "results/xquad/sft_only/checkpoints/final",
  "overall": {
    "num_samples": 195,
    "exact_match": 0.020512820512820513,
    "span_f1": 0.10749438260444427,
    "rouge_l": 0.09302493129800606,
    "bleurt": 0.09302493129800606,
    "llm_correctness": 2.3794871794871795,
    "llm_quality": 4.21025641025641
  },
  "by_language": {
    "ar": {
      "num_samples": 31,
      "exact_match": 0.03225806451612903,
      "span_f1": 0.14654843364520787,
      "rouge_l": 0.08064516129032258,
      "bleurt": 0.08064516129032258,
      "llm_correctness": 2.032258064516129,
      "llm_quality": 4.580645161290323
    },
    "en": {
      "num_samples": 33,
      "exact_match": 0.06060606060606061,
      "span_f1": 0.18557962635502742,
      "rouge_l": 0.20837829993592877,
      "bleurt": 0.20837829993592877,
      "llm_correctness": 2.9393939393939394,
      "llm_quality": 4.696969696969697
    },
    "es": {
      "num_samples": 38,
      "exact_match": 0.02631578947368421,
      "span_f1": 0.11822224373938983,
      "rouge_l": 0.13500116768137363,
      "bleurt": 0.13500116768137363,
      "llm_correctness": 2.710526315789474,
      "llm_quality": 4.421052631578948
    },
    "hi": {
      "num_samples": 41,
      "exact_match": 0.0,
      "span_f1": 0.05291758590860003,
      "rouge_l": 0.046341463414634146,
      "bleurt": 0.046341463414634146,
      "llm_correctness": 1.7073170731707317,
      "llm_quality": 3.048780487804878
    },
    "ru": {
      "num_samples": 33,
      "exact_match": 0.0,
      "span_f1": 0.10249118820605664,
      "rouge_l": 0.04242424242424242,
      "bleurt": 0.04242424242424242,
      "llm_correctness": 2.515151515151515,
      "llm_quality": 4.303030303030303
    },
    "zh": {
      "num_samples": 19,
      "exact_match": 0.0,
      "span_f1": 0.013157894736842105,
      "rouge_l": 0.01754385964912281,
      "bleurt": 0.01754385964912281,
      "llm_correctness": 2.526315789473684,
      "llm_quality": 4.684210526315789
    }
  },
  "cross_lingual": {
    "disparity": 0.1724217316181853,
    "group_gaps": {
      "HIGH": 0.09936876054593477,
      "MID": 0.11035671597272323,
      "LOW": 0.09973300977690394,
      "HIGH-MID": -0.01098795542678846,
      "HIGH-LOW": -0.0003642492309691714,
      "MID-LOW": 0.010623706195819288
    },
    "xltr_scores": {
      "ar": 1.5512086597916608,
      "en": 2.141283551567207,
      "es": 1.1805820685441832,
      "hi": 0.46747034673274446,
      "ru": 0.9923128482836866,
      "zh": 0.10860666573458513
    },
    "xltr_mean": 1.073577356775678
  }
}