{
  "model_path": "results/xquad/sft_only/checkpoints/final",
  "overall": {
    "num_samples": 405,
    "exact_match": 0.037037037037037035,
    "span_f1": 0.10046274932420429,
    "rouge_l": 0.07386419121666497,
    "bleurt": 0.07386419121666497,
    "llm_correctness": 2.3703703703703702,
    "llm_quality": 4.288888888888889
  },
  "by_language": {
    "ar": {
      "num_samples": 69,
      "exact_match": 0.0,
      "span_f1": 0.07448225757217547,
      "rouge_l": 0.028985507246376812,
      "bleurt": 0.028985507246376812,
      "llm_correctness": 2.072463768115942,
      "llm_quality": 4.536231884057971
    },
    "en": {
      "num_samples": 67,
      "exact_match": 0.07462686567164178,
      "span_f1": 0.18390411876429513,
      "rouge_l": 0.19413412788225332,
      "bleurt": 0.19413412788225332,
      "llm_correctness": 3.074626865671642,
      "llm_quality": 4.731343283582089
    },
    "es": {
      "num_samples": 62,
      "exact_match": 0.016129032258064516,
      "span_f1": 0.12383876604183584,
      "rouge_l": 0.14045178830061844,
      "bleurt": 0.14045178830061844,
      "llm_correctness": 2.5161290322580645,
      "llm_quality": 4.370967741935484
    },
    "hi": {
      "num_samples": 59,
      "exact_match": 0.0,
      "span_f1": 0.05068629490489768,
      "rouge_l": 0.01694915254237288,
      "bleurt": 0.01694915254237288,
      "llm_correctness": 1.6271186440677967,
      "llm_quality": 2.711864406779661
    },
    "ru": {
      "num_samples": 67,
      "exact_match": 0.029850746268656716,
      "span_f1": 0.08295622168107568,
      "rouge_l": 0.032835820895522394,
      "bleurt": 0.032835820895522394,
      "llm_correctness": 2.283582089552239,
      "llm_quality": 4.358208955223881
    },
    "zh": {
      "num_samples": 81,
      "exact_match": 0.08641975308641975,
      "span_f1": 0.08641975308641975,
      "rouge_l": 0.037037037037037035,
      "bleurt": 0.037037037037037035,
      "llm_correctness": 2.54320987654321,
      "llm_quality": 4.7407407407407405
    }
  },
  "cross_lingual": {
    "disparity": 0.13321782385939746,
    "group_gaps": {
      "HIGH": 0.13516193592535744,
      "MID": 0.10339749386145576,
      "LOW": 0.06258427623853657,
      "HIGH-MID": 0.03176444206390168,
      "HIGH-LOW": 0.07257765968682087,
      "MID-LOW": 0.04081321762291919
    },
    "xltr_scores": {
      "ar": 0.7055847876832935,
      "en": 2.1977947221521044,
      "es": 1.294169887143349,
      "hi": 0.45944699284845736,
      "ru": 0.798683221992051,
      "zh": 0.8376155355418754
    },
    "xltr_mean": 1.0488825245601885
  }
}