{
  "model_path": "results/mlqa/sft_continual/checkpoints/final",
  "overall": {
    "num_samples": 195,
    "exact_match": 0.03076923076923077,
    "span_f1": 0.11746929233855513,
    "rouge_l": 0.09568630282307602,
    "bleurt": 0.09568630282307602,
    "llm_correctness": 2.4153846153846152,
    "llm_quality": 4.3076923076923075
  },
  "by_language": {
    "ar": {
      "num_samples": 31,
      "exact_match": 0.03225806451612903,
      "span_f1": 0.1703917050691244,
      "rouge_l": 0.08064516129032258,
      "bleurt": 0.08064516129032258,
      "llm_correctness": 2.2903225806451615,
      "llm_quality": 4.516129032258065
    },
    "en": {
      "num_samples": 33,
      "exact_match": 0.09090909090909091,
      "span_f1": 0.20102048624775898,
      "rouge_l": 0.2220020805582303,
      "bleurt": 0.2220020805582303,
      "llm_correctness": 3.0,
      "llm_quality": 4.606060606060606
    },
    "es": {
      "num_samples": 38,
      "exact_match": 0.02631578947368421,
      "span_f1": 0.11344529580459328,
      "rouge_l": 0.13419544891433932,
      "bleurt": 0.13419544891433932,
      "llm_correctness": 2.710526315789474,
      "llm_quality": 4.7105263157894735
    },
    "hi": {
      "num_samples": 41,
      "exact_match": 0.024390243902439025,
      "span_f1": 0.07617900989493528,
      "rouge_l": 0.044715447154471545,
      "bleurt": 0.044715447154471545,
      "llm_correctness": 1.829268292682927,
      "llm_quality": 3.1219512195121952
    },
    "ru": {
      "num_samples": 33,
      "exact_match": 0.0,
      "span_f1": 0.10777068049795323,
      "rouge_l": 0.04242424242424242,
      "bleurt": 0.04242424242424242,
      "llm_correctness": 2.3333333333333335,
      "llm_quality": 4.424242424242424
    },
    "zh": {
      "num_samples": 19,
      "exact_match": 0.0,
      "span_f1": 0.0,
      "rouge_l": 0.02631578947368421,
      "bleurt": 0.02631578947368421,
      "llm_correctness": 2.4210526315789473,
      "llm_quality": 5.0
    }
  },
  "cross_lingual": {
    "disparity": 0.20102048624775898,
    "group_gaps": {
      "HIGH": 0.10051024312387949,
      "MID": 0.11060798815127326,
      "LOW": 0.12328535748202984,
      "HIGH-MID": -0.010097745027393773,
      "HIGH-LOW": -0.022775114358150356,
      "MID-LOW": -0.012677369330756583
    },
    "xltr_scores": {
      "ar": 1.709334024415191,
      "en": 2.148634089006084,
      "es": 1.0213637228336006,
      "hi": 0.6427218115614057,
      "ru": 0.9604605143433352,
      "zh": 0.0
    },
    "xltr_mean": 1.0804190270266028
  }
}